<?xml version="1.0" encoding="UTF-8"?>
<project-private xmlns="http://www.netbeans.org/ns/project-private/1">
    <editor-bookmarks xmlns="http://www.netbeans.org/ns/editor-bookmarks/2" lastBookmarkId="0"/>
    <open-files xmlns="http://www.netbeans.org/ns/projectui-open-files/2">
        <group>
            <file>file:/Users/tazzledazzle/NetBeansProjects/AudioFeatureMining/src/src/com/musicg/math/rank/ArrayRankDouble.java</file>
            <file>file:/Users/tazzledazzle/NetBeansProjects/AudioFeatureMining/src/src/com/musicg/pitch/PitchHandler.java</file>
            <file>file:/Users/tazzledazzle/NetBeansProjects/AudioFeatureMining/src/AudioFeature.java</file>
        </group>
    </open-files>
</project-private>
